{
  "project_info": {
    "project_number": "358067686351",
    "firebase_url": "https://car-pool-3d063-default-rtdb.firebaseio.com",
    "project_id": "car-pool-3d063",
    "storage_bucket": "car-pool-3d063.appspot.com"
  },
  "client": [
    {
      "client_info": {
        "mobilesdk_app_id": "1:358067686351:android:aafe593bf5817648e860ba",
        "android_client_info": {
          "package_name": "com.example.myapplication"
        }
      },
      "oauth_client": [],
      "api_key": [
        {
          "current_key": "AIzaSyCSz7LUscvmDOpqrpTqg9Adv8IsDQxw5Bw"
        }
      ],
      "services": {
        "appinvite_service": {
          "other_platform_oauth_client": []
        }
      }
    }
  ],
  "configuration_version": "1"
}